#
# This is a sample user dictionary for Kuromoji (JapaneseTokenizer)
#
# Add entries to this file in order to override the statistical model in terms
# of segmentation, readings and part-of-speech tags.  Notice that entries do
# not have weights since they are always used when found.  This is by-design
# in order to maximize ease-of-use.
#
# Entries are defined using the following CSV format:
#  <text>,<token 1> ... <token n>,<reading 1> ... <reading n>,<part-of-speech tag>
#
# Notice that a single half-width space separates tokens and readings, and
# that the number tokens and readings must match exactly.
#
# Also notice that multiple entries with the same <text> is undefined.
#
# Whitespace only lines are ignored.  Comments are not allowed on entry lines.
#

# Custom segmentation for compound katakana
トートバッグ,トートバッグ,トートバッグ,カタカナ名詞
トートバック,トートバック,トートバック,カタカナ名詞
マザーズバック,マザーズバック,マザーズバック,カタカナ名詞
マザーズバッグ,マザーズバッグ,マザーズバッグ,カタカナ名詞
ショルダーバッグ,ショルダーバッグ,ショルダーバッグ,カタカナ名詞
ショルダーバック,ショルダーバック,ショルダーバック,カタカナ名詞
ボストンバッグ,ボストンバッグ,ボストンバッグ,カタカナ名詞
ボストンバック,ボストンバック,ボストンバック,カタカナ名詞
チェーンバッグ,チェーンバッグ,チェーンバッグ,カタカナ名詞
チェーンバック,チェーンバック,チェーンバック,カタカナ名詞
クラッチバッグ,クラッチバッグ,クラッチバッグ,カタカナ名詞
クラッチバック,クラッチバック,クラッチバック,カタカナ名詞
キャリーバッグ,キャリーバッグ,キャリーバッグ,カタカナ名詞
キャリーバック,キャリーバック,キャリーバック,カタカナ名詞
ブルガリ,ブルガリ,ブルガリ,カタカナ名詞
ノートパソコン,ノートパソコン,ノートパソコン,カスタム名詞


# Custom reading for former sumo wrestler
朝青龍,朝青龍,アサショウリュウ,カスタム人名

ジェイエムバイジョニーモーク,ジェイエムバイジョニーモーク,,カスタム名詞

3ds,3ds,,カスタム名詞
iphone7s,iphone7s,,カスタム名詞
iphone6s,iphone6s,,カスタム名詞
iphone5s,iphone5s,,カスタム名詞
iphone4s,iphone4s,,カスタム名詞
iphone7c,iphone7c,,カスタム名詞
iphone6c,iphone6c,,カスタム名詞
iphone5c,iphone5c,,カスタム名詞
iphone7,iphone7,,カスタム名詞
iphone6,iphone6,,カスタム名詞
iphone5,iphone5,,カスタム名詞
iphone4,iphone4,,カスタム名詞
ヒスミニ,ヒスミニ,,カスタム名詞
スキニー,スキニー,,カスタム名詞
ps6,ps6,,カスタム名詞
ps5,ps5,,カスタム名詞
ps4,ps4,,カスタム名詞
ps3,ps3,,カスタム名詞
ps2,ps2,,カスタム名詞
k18,k18,,カスタム名詞
チョーカー,チョーカー,,カスタム名詞
よーじや,よーじや,,カスタム名詞
ハンドメイド,ハンドメイド,,カスタム名詞
初音ミク,初音ミク,,カスタム名詞
少女時代,少女時代,,カスタム名詞
anna sui,annasui,,カスタム名詞

セリーヌバッグ,セリーヌ バッグ,セリーヌ バッグ,かずカナ名詞
ベビードール,ベビードール,,カスタム名詞
サルエル,サルエル,,カスタム名詞
サルエルパンツ,サルエル パンツ,サルエル パンツ,カスタム名詞
銀魂,銀魂,ギンタマ,カスタム名詞
パスケース,パスケース,,カスタム名詞
チューブトップ,チューブトップ,,カスタム名詞
関ジャニ,関ジャニ,かんジャニエイト,カスタム名詞
ファンデ,ファンデ,,カスタム名詞
ファンデーション,ファンデーション,,カスタム名詞
iPhoneケース,iPhoneケース,アイフォーンケース,カスタム名詞
化粧品,化粧品,ケショウヒン,カスタム名詞
見せブラ,見せブラ,ミセブラ,カスタム名詞

d.i.a,d.i.a,,カスタム名詞
マスキングテープ,マスキングテープ,,カスタム名詞

ショーパン,ショーパン,,カスタム名詞
ショートパンツ,ショートパンツ,,カスタム名詞
マイメロディー,マイメロディー,,カスタム名詞

スマートフォン,スマートフォン,,カスタム名詞
オークリー,オークリー,,カスタム名詞
ナイトスチーマーナノケア,ナイトスチーマー ナノケア,ナイトスチーマー ナノケア,カスタム名詞

ジェル,ジェル,,カスタム名詞
ワンピース,ワンピース,,カスタム名詞
マテリア,マテリア,,カスタム名詞

# 2015.01.15 added
けいおん,けいおん,,カスタム名詞
ジミーチュウ,ジミーチュウ,,カスタム名詞
しろたん,しろたん,,カスタム名詞
カナバ,カナバ,,カスタム名詞
カナパ,カナパ,,カスタム名詞
うすはり,うすはり,,カスタム名詞
joli de epi,jolideepi,,カスタム名詞
バナナプラグ,バナナプラグ,,カスタム名詞
ジャドール,ジャドール,,カスタム名詞
かぞくのじかん,かぞくのじかん,,カスタム名詞
4℃,4℃,,カスタム名詞
アクセ,アクセ,,カスタム名詞
アクネ,アクネ,,カスタム名詞
エアホース,エアホース,,カスタム名詞
らしくない,らしくない,,カスタム名詞
ばらかもん,ばらかもん,,カスタム名詞
君に届け,君に届け,,カスタム名詞
妖怪ウォッチ,妖怪ウォッチ,,カスタム名詞
フォリフォリ,フォリフォリ,,カスタム名詞
セブンゴースト,セブンゴースト,,カスタム名詞
ひつじのショーン,ひつじのショーン,,カスタム名詞
エチュードハウス,エチュードハウス,,カスタム名詞
epi,epi,,カスタム名詞
アイフォン,アイフォン,,カスタム名詞

# 2015.05.19 チケットカテゴリ対応でアーティスト名追加
アジカン,アジカン,,カスタム名詞
# ASIAN KUNG FU GENERATION,ASIANKUNGFUGENERATION,,カスタム名詞

# 2015.05.25 アーティスト名追加
モンバス,モンバス,,カスタム名詞
フリーダム,フリーダム,,カスタム名詞
ラブインアクション,ラブインアクション,,カスタム名詞
カイワレハンマー,カイワレハンマー,,カスタム名詞

# 2015.05.27 added
ぬ～ぼ～,ぬ～ぼ～,,カスタム名詞
ぬ〜ぼ〜,ぬ〜ぼ〜,,カスタム名詞
ぬーぼー,ぬーぼー,,カスタム名詞
としまえん,としまえん,,カスタム名詞
なるたる,なるたる,,カスタム名詞
だがしかし,だがしかし,,カスタム名詞
いきものがかり,いきものがかり,,カスタム名詞
1%,1%,,カスタム名詞
えみる,えみる,,カスタム名詞
なのは,なのは,,カスタム名詞
ことり,ことり,,カスタム名詞
遺伝子,遺伝子,,カスタム名詞

# 2015.08.18 added
やまたまや,やまたまや,,カスタム名詞
紗也夏,紗也夏,,カスタム名詞
シマシマ,シマシマ,,カスタム名詞
しましま,しましま,,カスタム名詞
ペローナ,ペローナ,,カスタム名詞

# 2015.09.07 added
アクセサリー,アクセサリー,,名詞-一般

# 2016.04.21 added
亜嵐,亜嵐,アラン,名詞-固有名詞-人名-名

# 2016.06.06
つのだ,つのだ,ツノダ,名詞-固有名詞-人名-名
顕嵐,顕嵐,アラン,名詞-固有名詞-人名-名

# 2016.06.13
ゼロテカパウダー,ゼロテカパウダー,,カスタム名詞
ドラゴンボール,ドラゴンボール,,カスタム名詞
おそ松,おそ松,おそまつ,カスタム名詞
ラッシュガード,ラッシュガード,,カスタム名詞
ルクルーゼ,ルクルーゼ,,カスタム名詞
シルバニア,シルバニア,,カスタム名詞
東方神起,東方神起,,カスタム名詞
ブライス,ブライス,,カスタム名詞
ユニクロ,ユニクロ,,カスタム名詞
コールマン,コールマン,,カスタム名詞
超特急,超特急,チョウトッキュウ,カスタム名詞
サニーランドスケープ,サニーランドスケープ,,カスタム名詞
ミニ四駆,ミニ四駆,ミニヨンク,カスタム名詞
ロクシタン,ロクシタン,,カスタム名詞
倖田來未,倖田 來未,コウダ クミ,カスタム名詞
倖田,倖田,コウダ,カスタム名詞
來未,來未,クミ,カスタム名詞
くまモン,くまモン,クマモン,カスタム名詞
くまもん,くまもん,クマモン,カスタム名詞
三代目,三代目,サンダイメ,カスタム名詞
アリエル,アリエル,,カスタム名詞
ボンバー,ボンバー,ボンバー,カスタム名詞
エイデンアンドアネイ,エイデン アンド アネイ,エイデン アンド アネイ,カスタム名詞
スタンスミス,スタン スミス,スタン スミス,カスタム名詞
ドゥーズィエムクラス,ドゥーズィエム クラス,ドゥーズィエム クラス,カスタム名詞
ガンダム,ガンダム,ガンダム,カスタム名詞
シャーリーテンプル,シャーリー テンプル,シャーリー テンプル,カスタム名詞
艦これ,艦これ,カンコレ,カスタム名詞
アングリッド,アングリッド,アングリッド,カスタム名詞
モンベル,モンベル,モンベル,カスタム名詞
ヘレンカミンスキー,ヘレン カミンスキー,ヘレン カミンスキー,カスタム名詞
レイバン,レイバン,レイバン,カスタム名詞
チャングンソク,チャン グンソク,チャン グンソク,カスタム名詞
すみっコぐらし,すみっコぐらし,スミッコグラシ,カスタム名詞
すみっこぐらし,すみっこぐらし,スミッコグラシ,カスタム名詞
でんぱ組,でんぱ組,デンパグミ,カスタム名詞
セーラームーン,セーラームーン,セーラームーン,カスタム名詞

# 2016.06.
よつばと,よつばと,ヨツバト,カスタム名詞
どろあわわ,どろあわわ,ドロアワワ,カスタム名詞
登坂広臣,登坂 広臣,トサカ ヒロオミ,カスタム名詞
広臣,広臣,ヒロオミ,カスタム名詞
うさまる,うさまる,ウサマル,カスタム名詞
岩田剛典,岩田 剛典,イワタ タカノリ,カスタム名詞
あんさんぶる,あんさんぶる,アンサンブル,カスタム名詞
東京喰種,東京 喰種,トーキョー グール,カスタム名詞
喰種,喰種,グール,カスタム名詞
はらぺこあおむし,はらぺこ あおむし,ハラペコ アオムシ,カスタム名詞
はらぺこ,はらぺこ,ハラペコ,カスタム名詞
あおむし,あおむし,アオムシ,カスタム名詞
しまじろう,しまじろう,シマジロウ,カスタム名詞
ふなっしー,ふなっしー,フナッシー,カスタム名詞
水森亜土,水森 亜土,ミズモリ アド,カスタム名詞
亜土,亜土,アド,カスタム名詞
ハイキュー,ハイキュー,ハイキュー,カスタム名詞
モンクレール,モンクレール,モンクレール,カスタム名詞
モンスターストライク,モンスターストライク,モンスターストライク,カスタム名詞
モンスト,モンスト,モンスト,カスタム名詞
ガウチョパンツ,ガウチョ パンツ,ガウチョ パンツ,カスタム名詞
ハードクラッシュ,ハード クラッシュ,ハード クラッシュ,カスタム名詞
佐野玲於,佐野 玲於,サノ レオ,カスタム名詞
玲於,玲於,レオ,カスタム名詞
デジタルモンスター,デジタルモンスター,デジタルモンスター,カスタム名詞
ビックリマン,ビックリマン,ビックリマン,カスタム名詞
ワンダーコアスマート,ワンダーコア スマート,ワンダーコア スマート,カスタム名詞
それがし,それがし,ソレガシ,カスタム名詞
とげまる,とげまる,トゲマル,カスタム名詞
ベトロ,ベトロ,ベトロ,カスタム名詞
ひこにゃん,ひこにゃん,ヒコニャン,カスタム名詞
ラドンナ,ラドンナ,ラドンナ,カスタム名詞
矢澤にこ,矢澤 にこ,ヤザワ ニコ,カスタム名詞
潔く柔く,潔く柔く,キヨクヤワク,カスタム名詞
山崎まさよし,山崎 まさよし,ヤマザキ マサヨシ,カスタム名詞
まさよし,まさよし,マサヨシ,カスタム名詞
一期一振,一期一振,イチゴヒトフリ,カスタム名詞
ねんどろいど,ねんどろいど,ネンドロイド,カスタム名詞
鹿島アントラーズ,鹿島 アントラーズ,カシマ アントラーズ,カスタム名詞
あかない,あかない,アカナイ,カスタム名詞
とびら,とびら,トビラ,カスタム名詞
前川みく,前川 みく,マエカワ ミク,カスタム名詞

# 2016.07.07
ベイブレードバースト,ベイブレード バースト,ベイブレード バースト,カスタム名詞
コブクロ,コブクロ,コブクロ,カスタム名詞
エアリズム,エアリズム,エアリズム,カスタム名詞
オフショルダートップス,オフショルダー トップス,オフショルダー トップス,カスタム名詞
オフショル,オフショル,オフショル,カスタム名詞
ガルパン,ガルパン,ガルパン,カスタム名詞
ガールズアンドパンツァー,ガールズ アンド パンツァー,ガールズ アンド パンツァー,カスタム名詞
パンツァー,パンツァー,パンツァー,カスタム名詞
ビビディバビディブティック,ビビディ バビディ ブティック,ビビディ バビディ ブティック,カスタム名詞
ストラップ,ストラップ,ストラップ,カスタム名詞
カンフー,カンフー,カンフー,カスタム名詞

# 2016.08.18
## brand
プリマビスタ,プリマビスタ,プリマビスタ,カスタム名詞
アースマジック,アースマジック,アースマジック,カスタム名詞
ヒステリックグラマー,ヒステリックグラマー,ヒステリックグラマー,カスタム名詞
フランフラン,フランフラン,フランフラン,カスタム名詞
ヒステリックミニ,ヒステリックミニ,ヒステリックミニ,カスタム名詞
マークバイマークジェイコブス,マーク バイ マークジェイコブス,マーク バイ マークジェイコブス,カスタム名詞
アフタヌーンティー,アフタヌーンティー,アフタヌーンティー,カスタム名詞
コムデギャルソン,コムデギャルソン,コムデギャルソン,カスタム名詞
ドクターマーチン,ドクターマーチン,ドクターマーチン,カスタム名詞
h&m,h&m,エイチアンドエム,カスタム名詞
サーモス,サーモス,サーモス,カスタム名詞
バレンシアガ,バレンシアガ,バレンシアガ,カスタム名詞
レペット,レペット,レペット,カスタム名詞
シビラ,シビラ,シビラ,カスタム名詞
バンデル,バンデル,バンデル,カスタム名詞
ゲンテン,ゲンテン,ゲンテン,カスタム名詞
リーガル,リーガル,リーガル,カスタム名詞
フェフェ,フェフェ,フェフェ,カスタム名詞
アンタイトル,アンタイトル,アンタイトル,カスタム名詞
ノリタケ,ノリタケ,ノリタケ,カスタム名詞
ダンヒル,ダンヒル,ダンヒル,カスタム名詞
イーストボーイ,イーストボーイ,イーストボーイ,カスタム名詞

## synonym
エコバッグ,エコバッグ,エコバッグ,カスタム名詞
エコバック,エコバック,エコバック,カスタム名詞
ユニベア,ユニベア,ユニベア,カスタム名詞
ユニベアシティー,ユニベアシティー,ユニベアシティー,カスタム名詞
バックパック,バックパック,バックパック,カスタム名詞
スターバックス,スターバックス,スターバックス,カスタム名詞
うたプリ,うたプリ,ウタプリ,カスタム名詞
オフショルダー,オフショルダー,オフショルダー,カスタム名詞
ポケットモンスター,ポケットモンスター,ポケットモンスター,カスタム名詞
ポケモン,ポケモン,ポケモン,カスタム名詞
ドラゴンクエスト,ドラゴンクエスト,ドラゴンクエスト,カスタム名詞
ラババン,ラババン,ラババン,カスタム名詞
ラバーバンド,ラバーバンド,ラバーバンド,カスタム名詞
えーパンダ,えーパンダ,エーパンダ,カスタム名詞
え〜パンダ,え〜パンダ,エーパンダ,カスタム名詞
あんスタ,あんスタ,アンスタ,カスタム名詞

## アイフォン <-> iphone
アイフォン5,アイフォン5,アイフォン5,カスタム名詞
アイフォン5s,アイフォン5s,アイフォン5s,カスタム名詞
アイフォン6,アイフォン6,アイフォン6,カスタム名詞
アイフォン6s,アイフォン6s,アイフォン6s,カスタム名詞
アイフォン7,アイフォン7,アイフォン7,カスタム名詞
アイフォン7s,アイフォン7s,アイフォン7s,カスタム名詞

## general
バーバリー,バーバリー,バーバリー,カスタム名詞
えぐざいる,えぐざいる,エグザイル,カスタム名詞
進撃の巨人,進撃の巨人,シンゲキノキョジン,カスタム名詞
レジン,レジン,レジン,カスタム名詞
タトゥー,タトゥー,タトゥー,カスタム名詞
阪神タイガース,阪神 タイガース,ハンシン タイガース,カスタム名詞
薄桜鬼,薄桜鬼,ハクオウキ,カスタム名詞
本革,本革,ホンガワ,カスタム名詞
堕天使,堕天使,ダテンシ,カスタム名詞
ポインコ,ポインコ,ポインコ,カスタム名詞
ローファー,ローファー,ローファー,カスタム名詞
白猫,白猫,シロネコ,カスタム名詞
レゴブロック,レゴ ブロック,レゴ ブロック,カスタム名詞
レゴデュプロ,レゴ デュプロ,レゴ デュプロ,カスタム名詞
ブルーレイ,ブルーレイ,ブルーレイ,カスタム名詞
まふまふ,まふまふ,マフマフ,カスタム名詞
バスパン,バスパン,バスパン,カスタム名詞
スウェットパンツ,スウェットパンツ,スウェットパンツ,カスタム名詞
いないいないばぁ,いないいないばぁ,イナイイナイバァ,カスタム名詞
いないいないばあ,いないいないばあ,イナイイナイバア,カスタム名詞
パンパース,パンパース,パンパース,カスタム名詞
どうぶつの森,どうぶつの森,ドウブツノモリ,カスタム名詞
カプセルプラレール,カプセル プラレール,カプセル プラレール,カスタム名詞
アイカツスターズ,アイカツ スターズ,アイカツ スターズ,カスタム名詞
カーリーコレクション,カーリー コレクション,カーリー コレクション,カスタム名詞
ヤクルトスワローズ,ヤクルト スワローズ,ヤクルト スワローズ,カスタム名詞
がまかつ,がまかつ,ガマカツ,カスタム名詞
ミスティック,ミスティック,ミスティック,カスタム名詞
西武ライオンズ,西武 ライオンズ,西武 ライオンズ,カスタム名詞
好きな人がいること,好きな人がいること,スキナヒトガイルコト,カスタム名詞
ファインディングドリー,ファインディング ドリー,ファインディング ドリー,カスタム名詞

# 2016.09.08
レキシ,レキシ,レキシ,カスタム名詞
奏多,奏多,カナタ,カスタム人名
ハワイアナス,ハワイアナス,ハワイアナス,カスタム名詞
におわなくて,におわなくて,ニオワナクテ,カスタム名詞
フリースタイルダンジョン,フリースタイルダンジョン,フリースタイルダンジョン,カスタム名詞
あさはらたそかれ,あさはらたそかれ,アサハラタソカレ,カスタム名詞
はやりやまい,はやりやまい,ハヤリヤマイ,カスタム名詞
鳴尾浜,鳴尾浜,ナルオハマ,カスタム地域
次五郎,次五郎,ジゴロウ,カスタム人名
シブヤノオト,シブヤノオト,シブヤノオト,カスタム名詞
モーション,モーション,モーション,カスタム名詞
ネフェルタリ,ネフェルタリ,ネフェルタリ,カスタム名詞
たちかぜ,たちかぜ,タチカゼ,カスタム名詞
ぽけっと,ぽけっと,ポケット,カスタム名詞
ブルーノマリ,ブルーノマリ,ブルーノマリ,カスタム名詞
バッファロー,バッファロー,バッファロー,カスタム名詞
おしゅし,おしゅし,オシュシ,カスタム名詞
エイドボトル,エイドボトル,エイドボトル,カスタム名詞
オーディンスフィア,オーディンスフィア,オーディンスフィア,カスタム名詞
てもみん,てもみん,テモミン,カスタム名詞
たてぽす,たてぽす,タテポス,カスタム名詞
カットクロス,カットクロス,カットクロス,カスタム名詞
白鳳堂,白鳳堂,ハクホウドウ,カスタム名詞
ジェンヌ,ジェンヌ,ジェンヌ,カスタム名詞
くる巻ジェンヌ,くる巻ジェンヌ,クルマキジェンヌ,カスタム名詞
くる巻きジェンヌ,くる巻きジェンヌ,クルマキジェンヌ,カスタム名詞
吉宗,吉宗,ヨシムネ,カスタム名詞

# 2016.12.08
マルティナ,マルティナ,マルティナ,カスタム名詞
ボディミルク,ボディ ミルク,ボディ ミルク,カスタム名詞
高峯翠,高峯 翠,タカミネ ミドリ,カスタム人名
ゆるめるモ,ゆるめるモ,ユルメルモ,カスタム名詞
サンローラン,サンローラン,サンローラン,カスタム名詞
佳門サエコ,佳門 サエコ,カモン サエコ,カスタム人名
万年筆,万年筆,マンネンヒツ,カスタム名詞
三味線,三味線,シャミセン,カスタム名詞
新大阪,新大阪,シンオオサカ,カスタム名詞
かくしごと,かくしごと,カクシゴト,カスタム名詞
ゼロハリバートン,ゼロ ハリバートン,ゼロ ハリバートン,カスタム名詞
ソトコト,ソトコト,ソトコト,カスタム名詞
ドクロ,ドクロ,ドクロ,カスタム名詞
ランドレス,ランドレス,ランドレス,カスタム名詞
バンブー,バンブー,バンブー,カスタム名詞
ぬいば,ぬいば,ヌイバ,カスタム名詞
スワンタッチ,スワンタッチ,スワンタッチ,カスタム名詞
レトロ,レトロ,レトロ,カスタム名詞
はぎれ,はぎれ,ハギレ,カスタム名詞
マンウィズ,マンウィズ,マンウィズ,カスタム名詞
デフラグ,デフラグ,デフラグ,カスタム名詞
なりきり,なりきり,ナリキリ,カスタム名詞
ここたま,ここたま,ココタマ,カスタム名詞

# 2017.01.31
お香,お香,オコウ,カスタム名詞
ローズドマラケシュ,ローズ ド マラケシュ,ローズ ド マラケシュ,カスタム名詞
阿武隈,阿武隈,アブクマ,カスタム名詞
白竜,白竜,ハクリュウ,カスタム名詞
サボロ,サボロ,サボロ,カスタム名詞
ばなにゃ,ばなにゃ,バナニャ,カスタム名詞
おしりたんてい,おしりたんてい,オシリタンテイ,カスタム名詞
米原,米原,ヨネハラ,カスタム名詞
ブルース,ブルース,ブルース,カスタム名詞
あんステ,あんステ,アンステ,カスタム名詞
ええじゃないか,ええじゃないか,エエジャナイカ,カスタム名詞
せのびーる,せのびーる,セノビール,カスタム名詞
せんねん,せんねん,センネン,カスタム名詞
にこちゃん,にこちゃん,ニコチャン,カスタム名詞
ねこてん,ねこてん,ネコテン,カスタム名詞
ららマジ,ららマジ,ララマジ,カスタム名詞
最高かよ,最高 かよ,サイコウ カヨ,カスタム名詞
ゆる薬膳,ゆる 楽膳,ユル ラクゼン,カスタム名詞

# 2017.03.17
あまおう,あまおう,アマオウ,カスタム名詞
けものフレンズ,けもの フレンズ,ケモノ フレンズ,カスタム名詞
すてっぷ,すてっぷ,ステップ,カスタム名詞
はるやま,はるやま,ハルヤマ,カスタム名詞
もんすと,もんすと,モンスト,カスタム名詞
高城れに,高城 れに,タカギ レニ,カスタム人名
ルミノシティ,ルミノ シティ,ルミノ シティ,カスタム名詞
アマダナ,アマダナ,アマダナ,カスタム名詞
オールド,オールド,オールド,カスタム名詞
オーロライズ,オーロライズ,オーロライズ,カスタム名詞
オーガニック,オーガニック,オーガニック,カスタム名詞
おしゃべり,おしゃべり,オシャベリ,カスタム名詞
せとか,せとか,セトカ,カスタム名詞
まんだらけ,まんだらけ,マンダラケ,カスタム名詞
フェリーラ,フェリーラ,フェリーラ,カスタム名詞
よそいき,よそいき,ヨソイキ,カスタム名詞
クリーム,クリーム,クリーム,カスタム名詞
ミスパリ,ミスパリ,ミスパリ,カスタム名詞
ノンノン,ノンノン,ノンノン,カスタム名詞
パーマン,パーマン,パーマン,カスタム名詞
スーパーマン,スーパーマン,スーパーマン,カスタム名詞
みみぴょん,みみぴょん,ミミピョン,カスタム名詞

# 2017.07.19
ねこじろう,ねこじろう,ネコジロウ,カスタム名詞
ブローネ,ブローネ,ブローネ,カスタム名詞
着せ替え,きせかえ,キセカエ,カスタム名詞
サチモス,サチモス,サチモス,カスタム名詞
すのこ,すのこ,スノコ,カスタム名詞
ユニコーン,ユニコーン,ユニコーン,カスタム名詞
カラスミ,カラスミ,カラスミ,カスタム名詞
えばんふみ,えばんふみ,えばんふみ,カスタム名詞
むくらっく,むくらっく,むくらっく,カスタム名詞
かずのすけ,むくらっく,むくらっく,カスタム名詞
バンもん,バンもん,バンもん,カスタム名詞
バンドじゃないもん,バンドじゃないもん,ばんどじゃないもん,カスタム名詞
ちちとこ,ちちとこ,ちちとこ,カスタム名詞
望海風斗,望海風斗,のぞみふうと,カスタム名詞
株主優待,株主優待,かぶぬしゆうたい,カスタム名詞
妙義龍,妙義龍,みょうぎりゅう,カスタム名詞
ここよここよ,ここよここよ,ここよここよ,カスタム名詞